title;img;num
MERCEDES-BENZ G350 NEW;https://prostoprokat.ru/upload/iblock/86d/86d42681e2461f9a7f4ddc238a9fa3d8.jpg;1
MERCEDES-BENZ G350 NEW;https://prostoprokat.ru/upload/iblock/657/657596f7d65c794baf0a73dfb4556da9.jpg;2
MERCEDES-BENZ G350 NEW;https://prostoprokat.ru/upload/iblock/f5d/f5d6dd32d41017d485574452ec9947e0.jpg;3
MERCEDES-BENZ G350 NEW;https://prostoprokat.ru/upload/iblock/b71/b71270a8464d6ca99b44da4e1d147601.jpg;4
MERCEDES-BENZ G350 NEW;https://prostoprokat.ru/upload/iblock/ef7/ef7daab07acf4aaac3924716d068c530.jpg;5
Mercedes Benz s350d w223;https://prostoprokat.ru/upload/iblock/24e/24e33ef80a1d87ff9fd225bd997cddbd.jpg;1
Mercedes Benz s350d w223;https://prostoprokat.ru/upload/iblock/dde/ddedb5afe5d5fac3b05e14ae89b64131.jpg;2
Mercedes Benz s350d w223;https://prostoprokat.ru/upload/iblock/2b9/2b9f5d6eae6b9d471dde80364be70ce6.jpg;3
Mercedes Benz s350d w223;https://prostoprokat.ru/upload/iblock/f51/f510dc6245b9775d05f9a0f8c0831f5e.jpg;4
Mercedes Benz s350d w223;https://prostoprokat.ru/upload/iblock/6dd/6dd0f1290bac419abd30bb869c3d1d37.jpg;5
Mercedes Benz s350d w223;https://prostoprokat.ru/upload/iblock/51d/51dda64d4549df3567108d4fa1a045fe.jpg;6
Porsche Cayenne coupe;https://prostoprokat.ru/upload/resize_cache/iblock/44a/3840_1400_1/44a48662340d5228b6cd466e8930ba4c.jpg;1
Porsche Cayenne coupe;https://prostoprokat.ru/upload/resize_cache/iblock/45b/3840_1400_1/45be02c9ff349cb9aa4fa30fe486db78.jpg;2
Porsche Cayenne coupe;https://prostoprokat.ru/upload/resize_cache/iblock/233/3840_1400_1/23318f863b7560cb8790b8772eea81cf.jpg;3
Porsche Cayenne coupe;https://prostoprokat.ru/upload/resize_cache/iblock/32a/3840_1400_1/32a4915b4165470c1d564fddd968c8d1.jpg;4
Porsche Cayenne coupe;https://prostoprokat.ru/upload/iblock/e27/e2765a824956f1c053fea2700a59f329.jpg;5
BMW X7 M sport;https://prostoprokat.ru/upload/iblock/6f3/6f38f5b5270a92a2c4b4c729ddc50824.jpeg;1
BMW X7 M sport;https://prostoprokat.ru/upload/iblock/bcb/bcb8f839097286cefd90ef18ec7a522f.jpeg;2
BMW X7 M sport;https://prostoprokat.ru/upload/iblock/0e6/0e679e1e037cee92b772b8cd01cc1f5e.jpeg;3
BMW X7 M sport;https://prostoprokat.ru/upload/iblock/a08/a08ea56103642c69a33e89a0b10df072.jpeg;4
BMW X7 M sport;https://prostoprokat.ru/upload/iblock/daf/daf1db2b8c8132f954dd5ef66ac4836a.jpeg;5
BMW X7 M sport;https://prostoprokat.ru/upload/iblock/140/1405af8e2c7a0b787554071b5f82a2ae.jpeg;6
Mercedes Benz G-Class 350d AMG Рестайлинг;https://prostoprokat.ru/upload/iblock/899/89910a5d2a42f3cc81f5e5f04d8150c3.jpg;1
Mercedes Benz G-Class 350d AMG Рестайлинг;https://prostoprokat.ru/upload/iblock/603/60341cf2dbe5e474c089a55f3cf48d39.jpg;2
Mercedes Benz G-Class 350d AMG Рестайлинг;https://prostoprokat.ru/upload/iblock/cf4/cf412b8d2873a7c31a63265c16e4749a.jpg;3
Mercedes Benz G-Class 350d AMG Рестайлинг;https://prostoprokat.ru/upload/iblock/141/14133f79431588027f506a9a89c774b0.jpg;4
Mercedes Benz G-Class 350d AMG Рестайлинг;https://prostoprokat.ru/upload/iblock/0dd/0dd6d1221e3a33070d17e4fd6fb463b2.jpg;5
Mercedes Benz G-Class 350d AMG Рестайлинг;https://prostoprokat.ru/upload/iblock/758/7587958761f494cdd996717ba632a74a.jpg;6
Mercedes Benz G-Class 350d AMG Рестайлинг;https://prostoprokat.ru/upload/iblock/cf2/cf2a4d7cf5aeda8ac6e1640800139797.jpg;7
Mercedes Benz G-Class 350d AMG Рестайлинг;https://prostoprokat.ru/upload/iblock/e69/e6911098abe2cb31238d312a25c764e1.jpg;8
BMW X6 G06 M Sport;https://prostoprokat.ru/upload/resize_cache/iblock/0c0/3840_1400_1/0c034962aae93d147eb2ecb55a019184.jpg;1
BMW X6 G06 M Sport;https://prostoprokat.ru/upload/resize_cache/iblock/c4f/3840_1400_1/c4fbec952bb820564f9c5650d61d6560.jpg;2
BMW X6 G06 M Sport;https://prostoprokat.ru/upload/resize_cache/iblock/42c/3840_1400_1/42c9544d7469ef9adc7e77baed6b5a06.jpg;3
BMW X6 G06 M Sport;https://prostoprokat.ru/upload/iblock/48d/48df74a9943115faf1be0dbcdd2bd6b2.jpg;4
BMW X6 G06 M Sport;https://prostoprokat.ru/upload/iblock/5f4/5f4b69755b16fd99f5ccac1abf35de2e.jpg;5
BMW X6 G06 M Sport;https://prostoprokat.ru/upload/iblock/969/969554040b8a16bda622a78717f8d3e4.jpg;6
Audi Q8;https://prostoprokat.ru/upload/iblock/855/8555b2e3ab2ca530df41928dd043c891.jpg;1
Audi Q8;https://prostoprokat.ru/upload/iblock/9d2/9d2b4399b8e54ca03bb459cfee3a048e.jpg;2
Audi Q8;https://prostoprokat.ru/upload/iblock/9d7/9d715aca8b43327bf379373b06dc0f56.jpg;3
Audi Q8;https://prostoprokat.ru/upload/iblock/c20/c20b8cf2fc5f88c356baf1ec5e57ac49.jpg;4
Audi Q8;https://prostoprokat.ru/upload/iblock/c28/c28b1667c079a16a40a9ae6e859424ff.jpg;5
Audi Q8;https://prostoprokat.ru/upload/iblock/4fb/4fb110da6c6cab540348806eeeb77fbe.jpg;6
Audi Q8;https://prostoprokat.ru/upload/iblock/3c1/3c18314c931e47d5b73e120f03cfff63.jpg;7
Audi Q8;https://prostoprokat.ru/upload/iblock/3a0/3a0b7e48461c2bcd72d4f2220d6bcaa2.jpg;8
Audi Q8;https://prostoprokat.ru/upload/iblock/ee9/ee95238158822f0e266a81a94796c06f.jpg;9
MERCEDES-BENZ S350D W222 Рестайлинг;https://prostoprokat.ru/upload/iblock/6eb/6eb6dbf04b529c9a4f590c50e0e07d7a.jpg;1
MERCEDES-BENZ S350D W222 Рестайлинг;https://prostoprokat.ru/upload/iblock/31a/31a29428fd631e72d501d21f7b8f0247.jpg;2
MERCEDES-BENZ S350D W222 Рестайлинг;https://prostoprokat.ru/upload/iblock/7f7/7f7ed1de0a3aa2a3a8918fc3044c7ce1.jpg;3
MERCEDES-BENZ S350D W222 Рестайлинг;https://prostoprokat.ru/upload/iblock/360/360993094a1faffe5888f937988a3630.jpg;4
MERCEDES-BENZ S350D W222 Рестайлинг;https://prostoprokat.ru/upload/iblock/d32/d3287ece1b1167e0a7f209367e154ca3.jpg;5
MERCEDES-BENZ S350D W222 Рестайлинг;https://prostoprokat.ru/upload/iblock/d81/d81f4ef259ad76bd1d05fb01a80a0605.jpg;6
MERCEDES-BENZ S350D W222 Рестайлинг;https://prostoprokat.ru/upload/iblock/21d/21d225ff0c04ef92cc5ba6bd4274266b.jpg;7
MERCEDES-BENZ S350D W222 Рестайлинг;https://prostoprokat.ru/upload/iblock/fa5/fa54b4a44aa1e30894d21265439ddb72.jpg;8
MERCEDES-BENZ S350D W222 Рестайлинг;https://prostoprokat.ru/upload/iblock/293/2935021091ba01eeb3ada884590ce970.jpg;9
MERCEDES-BENZ S350D W222 Рестайлинг;https://prostoprokat.ru/upload/iblock/888/8882daa3fc32e7bf958c19282c511cf1.jpg;10
MERCEDES-BENZ S350D W222 Рестайлинг;https://prostoprokat.ru/upload/iblock/0e0/0e0e8755ea0424f76c0c7edf34d2ab3f.jpg;11
MERCEDES-BENZ S350D W222 Рестайлинг;https://prostoprokat.ru/upload/iblock/a4f/a4fd443d0670ae6480c50f5669aa41ff.jpg;12
MERCEDES-BENZ S350D W222 Рестайлинг;https://prostoprokat.ru/upload/iblock/b08/b081a2636ad174eebbb378a2fe75a64f.jpg;13
MERCEDES-BENZ S350D W222 Рестайлинг;https://prostoprokat.ru/upload/iblock/9ba/9ba91286abd51dfb9ff50f8442917082.jpg;14
BMW X5 M-sport (G05);https://prostoprokat.ru/upload/iblock/dd7/dd7acbe1be99f4ed6980d59b985d3369.jpg;1
BMW X5 M-sport (G05);https://prostoprokat.ru/upload/iblock/ffd/ffd486f96ca44a1b1a7d0b58e86ed8ef.jpg;2
BMW X5 M-sport (G05);https://prostoprokat.ru/upload/iblock/3fa/3fa60eb868189a5722b39a355fe9b575.jpg;3
MERCEDES-BENZ S350D W222 Рестайлинг;https://prostoprokat.ru/upload/iblock/d1a/d1a44a585109756fec677d237dd85d64.jpg;1
MERCEDES-BENZ S350D W222 Рестайлинг;https://prostoprokat.ru/upload/iblock/b33/b3319c30dfac1d1a710f9683d9eb11f0.jpg;2
MERCEDES-BENZ S350D W222 Рестайлинг;https://prostoprokat.ru/upload/iblock/dc6/dc6a154aaf1f4df9f01b71852298bb1c.jpg;3
MERCEDES-BENZ S350D W222 Рестайлинг;https://prostoprokat.ru/upload/iblock/b65/b65d38b7d5c47c39858a99fd54346e57.jpg;4
MERCEDES-BENZ S350D W222 Рестайлинг;https://prostoprokat.ru/upload/iblock/95f/95f5760d670f1026a89a781aaa3c6ca9.jpg;5
MERCEDES-BENZ S350D W222 Рестайлинг;https://prostoprokat.ru/upload/iblock/b03/b035d1bd46eae03ea15355e360bffe37.jpg;6
MERCEDES-BENZ S350D W222 Рестайлинг;https://prostoprokat.ru/upload/iblock/810/8109b3a15cf6c0962bd0c54c4a516899.jpg;7
MERCEDES-BENZ S350D W222 Рестайлинг;https://prostoprokat.ru/upload/iblock/e32/e3238bcfb3debe85fe5749bac9c3e030.jpg;8
MERCEDES-BENZ S350D W222 Рестайлинг;https://prostoprokat.ru/upload/iblock/258/258bbe32ce61f0dcc36ddc02aec98aac.jpg;9
MERCEDES-BENZ S350D W222 Рестайлинг;https://prostoprokat.ru/upload/iblock/d7a/d7aff1e494aacd6ba934d50db9a3bfa3.jpg;10
Lexus LX 450d;https://prostoprokat.ru/upload/iblock/ebc/ebc6e1af9c57e0dd797a38dce1c8bf70.jpg;1
Lexus LX 450d;https://prostoprokat.ru/upload/iblock/37f/37f572d5d052c561aff92495f1877b5e.jpg;2
Lexus LX 450d;https://prostoprokat.ru/upload/iblock/528/52826c185bd27cd72e100af907adafda.jpg;3
Lexus LX 450d;https://prostoprokat.ru/upload/iblock/8ce/8cec070ff99437e55ac610af180f0e1f.jpg;4
Lexus LX 450d;https://prostoprokat.ru/upload/iblock/f62/f62b3409d415d6a4904c60aacfe2e8a1.jpg;5
Lexus LX 450d;https://prostoprokat.ru/upload/iblock/405/40559a6ae1b36437d4193b2610928805.jpg;6
Lexus LX 450d;https://prostoprokat.ru/upload/iblock/657/657609d81f837545022f40fd2205177b.jpg;7
BMW X6 M Sport;https://prostoprokat.ru/upload/iblock/d87/d876f228fae0784de3441873ff7e1de3.jpg;1
BMW X6 M Sport;https://prostoprokat.ru/upload/iblock/e0f/e0fd41d55b27efffd696094ec474f7d3.jpg;2
BMW X6 M Sport;https://prostoprokat.ru/upload/iblock/f1a/f1a495f8791aaf3dd573e5b9578863f2.jpg;3
BMW X6 M Sport;https://prostoprokat.ru/upload/iblock/114/11494058090faf9c6e752127938abb23.jpg;4
BMW X6 M Sport;https://prostoprokat.ru/upload/iblock/1d3/1d353fe4c3b9aedbd27ff57b50abe183.jpg;5
BMW X6 M Sport;https://prostoprokat.ru/upload/iblock/b98/b983cef1e2f08d1fbff96289f5ecf2d1.jpg;6
BMW X6 M Sport;https://prostoprokat.ru/upload/iblock/cb4/cb44ee87129acff9c4e8d6ad1427b096.jpg;7
BMW X6 M Sport;https://prostoprokat.ru/upload/iblock/c84/c84bed4147915d8815f001835dd4476c.jpg;8
BMW X6 M Sport;https://prostoprokat.ru/upload/iblock/498/498e548d8ad86cbf1f4e228db7ac26f7.jpg;9
BMW X6 M Sport;https://prostoprokat.ru/upload/iblock/3fa/3fa319c0738c23a847de7306841386f0.jpg;10
BMW X6 M Sport;https://prostoprokat.ru/upload/iblock/31e/31e6c978b6eec371bf36b95ff7b66561.jpg;11
BMW X6 M Sport;https://prostoprokat.ru/upload/iblock/63f/63fae6107f8009083258d25ddc05f706.jpg;12
BMW X6 M Sport;https://prostoprokat.ru/upload/iblock/dbe/dbeccc717210041db130e312b9e823a2.jpg;13
Cadillac Escalade IV;https://prostoprokat.ru/upload/iblock/ad4/ad4b64228deec23b2900df2b437d6cb8.jpg;1
Cadillac Escalade IV;https://prostoprokat.ru/upload/iblock/572/572fad23b19329c64aaba963b7ebb2ad.jpg;2
Cadillac Escalade IV;https://prostoprokat.ru/upload/iblock/da8/da891609934a8dc5ddcbfe1b8251c48e.jpg;3
Cadillac Escalade IV;https://prostoprokat.ru/upload/iblock/27e/27e187df08f9f453074453e0d7ae4117.jpg;4
Cadillac Escalade IV;https://prostoprokat.ru/upload/iblock/75b/75b77f6d095f070afd784205e4382d07.jpg;5
Cadillac Escalade IV;https://prostoprokat.ru/upload/iblock/722/72274d44e34a0489b680ce7d1ac5b71f.jpg;6
Cadillac Escalade IV;https://prostoprokat.ru/upload/iblock/6a1/6a1ad2e31d85f2fe7616cf0831155bf7.jpg;7
Cadillac Escalade IV;https://prostoprokat.ru/upload/iblock/777/7771e2b47e9bf6992b29079454d60884.jpg;8
Cadillac Escalade IV;https://prostoprokat.ru/upload/iblock/e39/e39269217512f27cc535d61e14965e1d.jpg;9
Cadillac Escalade IV;https://prostoprokat.ru/upload/iblock/0ee/0ee74085b5dc7276d5d5d388aab57892.jpg;10
Cadillac Escalade IV;https://prostoprokat.ru/upload/iblock/034/0347b90d274706ae7c866f9cd53d88d5.jpg;11
Toyota Land Cruiser 200 Executive Black;https://prostoprokat.ru/upload/iblock/c4f/c4fa7c0f2cc9202aeed538856e2a52d5.jpg;1
Toyota Land Cruiser 200 Executive Black;https://prostoprokat.ru/upload/iblock/ce6/ce6a6d13c8143161fb0475d39cc72afe.jpg;2
Toyota Land Cruiser 200 Executive Black;https://prostoprokat.ru/upload/iblock/d0e/d0e35e9e2bb610b11a18d3559041f74b.jpg;3
Toyota Land Cruiser 200 Executive Black;https://prostoprokat.ru/upload/iblock/077/0770001b91a97a210286fa3a30ca17ca.jpg;4
Toyota Land Cruiser 200 Executive Black;https://prostoprokat.ru/upload/iblock/c2e/c2eeac7c65b6033b2603f0d9051ae6ce.jpg;5
Toyota Land Cruiser 200 Executive Black;https://prostoprokat.ru/upload/iblock/9d4/9d4623c73e03003abff718ff4c1b2bfc.jpg;6
Toyota Land Cruiser 200 Executive Black;https://prostoprokat.ru/upload/iblock/292/292af10e427cef81617d7a56f402a03f.jpg;7
Toyota Land Cruiser 200 Executive Black;https://prostoprokat.ru/upload/iblock/421/4219426fede235c49c103f2f0ef75597.jpg;8
Toyota Land Cruiser 200 Executive Black;https://prostoprokat.ru/upload/iblock/1aa/1aaab01e4a36673fc93df13bed4f85a9.jpg;9
Porsche Cayenne 2 958 (черный);https://prostoprokat.ru/upload/iblock/c11/c11f64b084b91507de7ffe5d0f783bdf.jpg;1
Porsche Cayenne 2 958 (черный);https://prostoprokat.ru/upload/iblock/29f/29f7fdcccf82b8eadf75f43431fcb5cf.jpg;2
Porsche Cayenne 2 958 (черный);https://prostoprokat.ru/upload/iblock/0d0/0d0847c5d25aa9355c45a92f58d964e4.jpg;3
Porsche Cayenne 2 958 (черный);https://prostoprokat.ru/upload/iblock/b79/b796b8577d3d4dd11ffe87ac7b805955.jpg;4
Porsche Cayenne 2 958 (черный);https://prostoprokat.ru/upload/iblock/735/735d0cbb6980bf9bb972b5acc4ddca5f.jpg;5
Porsche Cayenne 2 958 (черный);https://prostoprokat.ru/upload/iblock/ed1/ed1696b09ccf7651e52b0623529de914.jpg;6
Porsche Cayenne 2 958 (черный);https://prostoprokat.ru/upload/iblock/9a8/9a833f900d157ffdb5d8fc6c147a0f27.jpg;7
Porsche Cayenne 2 958 (черный);https://prostoprokat.ru/upload/iblock/271/271e91ee2d4f5d1cbf9c7a53d64db771.jpg;8
Porsche Cayenne 2 958 (черный);https://prostoprokat.ru/upload/iblock/433/4338fd26139e05c442cb6ba627634172.jpg;9
Toyota Land Cruiser 200, 2017, бензин;https://prostoprokat.ru/upload/iblock/f45/f452858ec70ed51296bbadbe3e14f1e5.jpg;1
Toyota Land Cruiser 200, 2017, бензин;https://prostoprokat.ru/upload/iblock/bee/bee7adbf66672c11256b57fc5590a24c.jpg;2
Toyota Land Cruiser 200, 2017, бензин;https://prostoprokat.ru/upload/iblock/bb0/bb0d156ebf13f13188e91d43a9a9f16b.jpg;3
Toyota Land Cruiser 200, 2017, бензин;https://prostoprokat.ru/upload/iblock/5f7/5f7e71aec3875a82ccfa13521bacf041.jpg;4
Toyota Land Cruiser 200, 2017, бензин;https://prostoprokat.ru/upload/iblock/5dd/5dd91935ca9db8cc05beded07ce75030.jpg;5
Toyota Land Cruiser 200, 2017, бензин;https://prostoprokat.ru/upload/iblock/bb9/bb96229f4764b8eb88d9d6befa1b2b6c.jpg;6
Toyota Land Cruiser 200, 2017, бензин;https://prostoprokat.ru/upload/iblock/f3a/f3a71557064e2bc79f2e269fefbb1843.jpg;7
Toyota Land Cruiser 200, 2017, бензин;https://prostoprokat.ru/upload/iblock/3ba/3bab14670d632ad09907a0e26764cefa.jpg;8
Toyota Land Cruiser 200, 2017, бензин;https://prostoprokat.ru/upload/iblock/763/76337c8f514d51c22ad0cfacef727710.jpg;9
Volvo XC 90;https://prostoprokat.ru/upload/iblock/058/0585b7d8f71edd97c44451cdd288e381.jpg;1
Volvo XC 90;https://prostoprokat.ru/upload/iblock/89d/89da32254d366c9c8e4b67c4127f943f.jpg;2
Volvo XC 90;https://prostoprokat.ru/upload/iblock/b7e/b7e3f453ce57b85baccf5b9415efbe6d.jpg;3
Volvo XC 90;https://prostoprokat.ru/upload/iblock/191/19127a69ebfda00b157ec40d7c0e0cbd.jpg;4
Volvo XC 90;https://prostoprokat.ru/upload/iblock/6ae/6aefa5862df38bbcb580dde7ed7c57d9.jpg;5
Mercedes-Benz V220D 4matic AMG;https://prostoprokat.ru/upload/iblock/169/16907973e01bcdd9d8ba86464414f339.jpg;1
Mercedes-Benz V220D 4matic AMG;https://prostoprokat.ru/upload/iblock/0a9/0a940c33ece5cd683ae74848c7c17925.jpg;2
Mercedes-Benz V220D 4matic AMG;https://prostoprokat.ru/upload/iblock/799/7990ff3069c652cce8948b3c325be133.jpg;3
Mercedes-Benz V220D 4matic AMG;https://prostoprokat.ru/upload/iblock/c22/c22f3226b9cae3e40c05a526901d78bf.jpg;4
Mercedes-Benz V220D 4matic AMG;https://prostoprokat.ru/upload/iblock/520/520240e38aa0d9b46ec6d4400e0aadd2.jpg;5
Mercedes-Benz V220D 4matic AMG;https://prostoprokat.ru/upload/iblock/cdd/cdd483ace27a75a0be42499b8f7d5c23.jpg;6
Mercedes-Benz V220D 4matic AMG;https://prostoprokat.ru/upload/iblock/9b9/9b99d00b03fae23cc1a2cbcf30871a68.jpg;7
Mercedes-Benz V220D 4matic AMG;https://prostoprokat.ru/upload/iblock/e04/e04a5b45da7daf6d83de77c2f9745c3f.jpg;8
Mercedes-Benz V220D 4matic AMG;https://prostoprokat.ru/upload/iblock/2ed/2ed79e1852ad0fd3c8f84a3519fb5c95.jpg;9
Mercedes-Benz V220D 4matic AMG;https://prostoprokat.ru/upload/iblock/579/57992cd8d0ab85229e56f618ab01a37a.jpg;10
Mercedes-Benz V220D 4matic AMG;https://prostoprokat.ru/upload/iblock/170/17054e310a9d1e5eeb11a60550d23f61.jpg;11
BMW 520D G30 M sport;https://prostoprokat.ru/upload/resize_cache/iblock/69e/3840_1400_1/69ea5a552d90453f532f5c40e9e49c75.jpg;1
BMW 520D G30 M sport;https://prostoprokat.ru/upload/resize_cache/iblock/d5a/3840_1400_1/d5a87d8c8fd02b0f9070b979e135cfdd.jpg;2
BMW 520D G30 M sport;https://prostoprokat.ru/upload/resize_cache/iblock/07a/3840_1400_1/07a177a6f252755d12cf32e9fe722984.jpg;3
BMW 520D G30 M sport;https://prostoprokat.ru/upload/resize_cache/iblock/af3/3840_1400_1/af35169ad17c3d752b3cd2d5dcd2ee3e.jpg;4
BMW 520D G30 M sport;https://prostoprokat.ru/upload/resize_cache/iblock/6d3/3840_1400_1/6d341d1d82b4fc4f2bfa25ecd6968e36.jpg;5
BMW 520D G30 M sport;https://prostoprokat.ru/upload/resize_cache/iblock/9a3/3840_1400_1/9a3540bc656a44a3ae14b7a6fbd58eed.jpg;6
BMW X5 F15;https://prostoprokat.ru/upload/iblock/d0c/d0c81157dc56f463b58892e0d40f628a.jpg;1
BMW X5 F15;https://prostoprokat.ru/upload/iblock/a03/a03fd511989760bcfe4d507f97707414.jpg;2
BMW X5 F15;https://prostoprokat.ru/upload/iblock/640/64063b1596f2f54308044141b9761612.jpg;3
BMW X5 F15;https://prostoprokat.ru/upload/iblock/79f/79fc65104a8741279877b8f428b8ce62.jpg;4
BMW X5 F15;https://prostoprokat.ru/upload/iblock/f40/f40acdcec9b1b6e0635fe20a3930fdfc.jpg;5
BMW X5 F15;https://prostoprokat.ru/upload/resize_cache/iblock/093/3840_1400_1/0932d90dd2f10c52f62e9c6b8bd902b5.jpg;6
BMW X5 F15;https://prostoprokat.ru/upload/iblock/7c2/7c21b0c2e4d4ea9d5387ece6763d790c.jpg;7
BMW X5 F15;https://prostoprokat.ru/upload/iblock/1f0/1f066c17c3073f74f0606ec62d7010af.jpg;8
BMW X5 F15;https://prostoprokat.ru/upload/iblock/8f1/8f1fd1d0550774ea2213c7a66ff8eee8.jpg;9
Volvo S90;https://prostoprokat.ru/upload/resize_cache/iblock/91c/3840_1400_1/91c4cd272ae937d5652a902498daf657.jpg;1
Volvo S90;https://prostoprokat.ru/upload/resize_cache/iblock/57f/3840_1400_1/57f31d0986a37705ea984d516db9d209.jpg;2
Volvo S90;https://prostoprokat.ru/upload/resize_cache/iblock/670/3840_1400_1/670de861b74c4a6c018288ff631a70ce.jpg;3
Volvo S90;https://prostoprokat.ru/upload/iblock/e88/e88c9f128b1e4e6962995bb5e2af1a16.jpg;4
Volvo S90;https://prostoprokat.ru/upload/resize_cache/iblock/294/3840_1400_1/294006ea22eb71dad6c6e7a6a6df79ef.jpg;5
Volvo S90;https://prostoprokat.ru/upload/resize_cache/iblock/840/3840_1400_1/840212a28a1ee4d34587f07a4cd73eea.jpg;6
Volvo S90;https://prostoprokat.ru/upload/iblock/b3f/b3f790060bc086c0c79a10897fb152fe.jpg;7
Audi A6;https://prostoprokat.ru/upload/resize_cache/iblock/b51/3840_1400_1/b5168e2cd8304f2e35ce310d47edca1a.jpg;1
Audi A6;https://prostoprokat.ru/upload/resize_cache/iblock/1a5/3840_1400_1/1a5eef543e0ed123389a6c120b31620f.jpg;2
Audi A6;https://prostoprokat.ru/upload/resize_cache/iblock/bbf/3840_1400_1/bbf6bc56d5c7d2602c49bce609f8553a.jpg;3
Audi A6;https://prostoprokat.ru/upload/resize_cache/iblock/e91/3840_1400_1/e91556daf90bb66c7473e6f3f18bfb9e.jpg;4
BMW 320 G20 M Sport;https://prostoprokat.ru/upload/iblock/688/6882861abee35ea7c7f140a08f8f3321.jpg;1
BMW 320 G20 M Sport;https://prostoprokat.ru/upload/iblock/733/733437a5e842b0b221bec4a963f85e52.jpg;2
BMW 320 G20 M Sport;https://prostoprokat.ru/upload/iblock/4e7/4e70a5e89b51bc1e8d7c93ba053041ba.jpg;3
BMW 320 G20 M Sport;https://prostoprokat.ru/upload/iblock/a35/a351df7eb1e591dd07035436db8a8f3a.jpg;4
BMW 320 G20 M Sport;https://prostoprokat.ru/upload/iblock/0ef/0efc66d159ee0c1e38ef6ef1a46fd6b5.jpg;5
BMW 320 G20 M Sport;https://prostoprokat.ru/upload/iblock/025/02523a367f7ca62f0b683b68281b19ee.jpg;6
BMW 320 G20 M Sport;https://prostoprokat.ru/upload/iblock/58a/58a9707bac336b52fcda67567a28c683.jpg;7
BMW 320 G20 M Sport;https://prostoprokat.ru/upload/iblock/e2c/e2ce037770aa96ac5603041b36c65934.jpg;8
BMW 320 G20 M Sport;https://prostoprokat.ru/upload/iblock/a05/a050d5a31d296a8bae2dc27c3b62f82e.jpg;9
BMW 520D G30;https://prostoprokat.ru/upload/iblock/a6c/a6c2244f38932c7241cf909f96fd9cbe.jpg;1
BMW 520D G30;https://prostoprokat.ru/upload/iblock/9f5/9f5fff2cac480140eaef2347eafd8319.jpg;2
BMW 520D G30;https://prostoprokat.ru/upload/iblock/230/2303e7f41b7a965452dd5db765f0116a.jpg;3
BMW 520D G30;https://prostoprokat.ru/upload/iblock/4d4/4d4df0398eb555fe7e1379798b1c4ef4.jpg;4
BMW 520D G30;https://prostoprokat.ru/upload/iblock/603/60364580839e0309afa9323eead2454c.jpg;5
BMW 520D G30;https://prostoprokat.ru/upload/iblock/bba/bba55ea08f88ff6403e3263141601a08.jpg;6
BMW 520D G30;https://prostoprokat.ru/upload/iblock/7e0/7e0015799206bfa8e17225b8bc1cd98a.jpg;7
BMW 520D G30;https://prostoprokat.ru/upload/iblock/454/45407c7cd4c3d9f925938704d2ee2e81.jpg;8
BMW 520D G30;https://prostoprokat.ru/upload/iblock/5a1/5a17f7c97f34127d76dc543fbc5e68a6.jpg;9
Toyota Camry 2.5 Люкс Safety;https://prostoprokat.ru/upload/iblock/0ef/0ef71a52ca65a01ece893583d7c1057c.png;1
Toyota Camry 2.5 Люкс Safety;https://prostoprokat.ru/upload/iblock/62b/62b3cb000fd138c158d0f2ebdbf0e8b0.png;2
Toyota Camry 2.5 Люкс Safety;https://prostoprokat.ru/upload/iblock/b73/b731ca3e60882ac3a981bed82df10890.png;3
Toyota Camry 2.5 Люкс Safety;https://prostoprokat.ru/upload/iblock/6ac/6ac8f9955b6750df996e8fda2e14cd76.png;4
Toyota Camry 2.5 Люкс Safety;https://prostoprokat.ru/upload/iblock/9e1/9e18022b8e4939e348dd742b5f9d6261.png;5
Mercedes-Benz E200d W213;https://prostoprokat.ru/upload/iblock/72f/e200_7.jpg;1
Mercedes-Benz E200d W213;https://prostoprokat.ru/upload/iblock/f2b/e200_1.jpg;2
Mercedes-Benz E200d W213;https://prostoprokat.ru/upload/iblock/c46/e200_2.jpg;3
Mercedes-Benz E200d W213;https://prostoprokat.ru/upload/iblock/7b8/e200_4.jpg;4
Mercedes-Benz E200d W213;https://prostoprokat.ru/upload/iblock/6ca/e200_5.jpg;5
Mercedes-Benz E200d W213;https://prostoprokat.ru/upload/iblock/fbe/e200_3.jpg;6
KIA Sorento Prime;https://prostoprokat.ru/upload/iblock/1c5/1c5625efb4f224eb3bbdf440ada04e6e.jpg;1
KIA Sorento Prime;https://prostoprokat.ru/upload/iblock/fc2/fc287686606d523cc4d889a2d3a1f925.jpg;2
KIA Sorento Prime;https://prostoprokat.ru/upload/iblock/086/086393941e800ee40dc021e321feba8a.jpg;3
KIA Sorento Prime;https://prostoprokat.ru/upload/iblock/f5b/f5b2523f066fa2e452afd319b48577b8.jpg;4
KIA Sorento Prime;https://prostoprokat.ru/upload/iblock/2ff/2ffb5a15c6fd7a8e1f96175d84c856e4.jpg;5
KIA Sorento Prime;https://prostoprokat.ru/upload/iblock/342/3420e4760952448ebd9a45af1b525a81.jpg;6
KIA Sorento Prime;https://prostoprokat.ru/upload/iblock/bb2/bb242f073f580f9ab98d93386c2b371d.jpg;7
KIA Sorento Prime;https://prostoprokat.ru/upload/iblock/d38/d385e5f26a9b0f9dd38f2e45eef05c9b.jpg;8
KIA Sorento Prime;https://prostoprokat.ru/upload/iblock/a80/a80750e86355024179e767e415d0908b.jpg;9
Mercedes-Benz C180 W205 AMG;https://prostoprokat.ru/upload/iblock/d6d/d6d46018d6669406d64709f491dc931e.jpg;1
Mercedes-Benz C180 W205 AMG;https://prostoprokat.ru/upload/iblock/91c/91c3b8650c0e4c3e75e609aa0f905cee.jpg;2
Mercedes-Benz C180 W205 AMG;https://prostoprokat.ru/upload/iblock/adb/adbfae1c414fb47859662ef2dc29ceba.jpg;3
Mercedes-Benz C180 W205 AMG;https://prostoprokat.ru/upload/iblock/272/272d8249ba717115c3c78e582c0adb06.jpg;4
Mercedes-Benz C180 W205 AMG;https://prostoprokat.ru/upload/iblock/10d/10d8b67c558f2aa7c29ffd8c727d7bc4.jpg;5
Mercedes-Benz C180 W205 AMG;https://prostoprokat.ru/upload/iblock/0f6/0f6c607981c9de5c89e0ebe17e447095.jpg;6
Mercedes-Benz C180 W205 AMG;https://prostoprokat.ru/upload/iblock/8d8/8d8724f455feefa941ca551d3918dcb9.jpg;7
Mercedes-Benz C180 W205 AMG;https://prostoprokat.ru/upload/iblock/beb/beb085be2f648e1b19f118c06aa32c37.jpg;8
Mercedes-Benz C180 W205 AMG;https://prostoprokat.ru/upload/iblock/ad1/ad1187168abf91a8aadb33730d655f85.jpg;9
KIA K5;https://prostoprokat.ru/upload/resize_cache/iblock/7bc/3840_1400_1/7bc62f437bf008848f9ba0a957f79840.jpg;1
KIA K5;https://prostoprokat.ru/upload/resize_cache/iblock/9b1/3840_1400_1/9b14352629cdbdf7bdf98b0f524a8e7b.jpg;2
KIA K5;https://prostoprokat.ru/upload/iblock/306/306410499664bd43b2d5f2b1779e266b.jpg;3
KIA K5;https://prostoprokat.ru/upload/resize_cache/iblock/fae/3840_1400_1/faedfa22ce16b5466a4a865d3107bcce.jpg;4
KIA K5;https://prostoprokat.ru/upload/resize_cache/iblock/3eb/3840_1400_1/3eb322b44e4d9c6ef395172fe00e1e81.jpg;5
KIA K5;https://prostoprokat.ru/upload/resize_cache/iblock/37f/3840_1400_1/37fff7ad9cf7c2ccb6d32fe79f4c356a.jpg;6
KIA K5;https://prostoprokat.ru/upload/resize_cache/iblock/c85/3840_1400_1/c8561eaba773057b91f5f195f7a37bee.jpg;7
KIA K5;https://prostoprokat.ru/upload/resize_cache/iblock/c40/3840_1400_1/c40f1b66d8abf5619cdcce218e789e4f.jpg;8
KIA K5;https://prostoprokat.ru/upload/resize_cache/iblock/09f/3840_1400_1/09f06530bd4531adcc059e85eeac6eca.jpg;9
KIA K5;https://prostoprokat.ru/upload/resize_cache/iblock/68e/3840_1400_1/68e04cfdf457cba4b7f7f95aa7167cde.jpg;10
Mazda CX-5 II;https://prostoprokat.ru/upload/iblock/fc1/fc1dcef4acc901704ca87ed6133f9b17.jpg;1
Mazda CX-5 II;https://prostoprokat.ru/upload/iblock/88a/88a398fcbcfce73e494e99b7e5f5d0a8.jpg;2
Mazda CX-5 II;https://prostoprokat.ru/upload/iblock/767/767fe0e0ad3df651755fc16b987a790b.jpg;3
Toyota Camry Элеганс;https://prostoprokat.ru/upload/iblock/d81/wWWs_bSaTsqwcrXalGmbSQ_min.jpg;1
Toyota Camry Элеганс;https://prostoprokat.ru/upload/iblock/29b/fullsizeoutput_1bba_min.jpg;2
Toyota Camry Элеганс;https://prostoprokat.ru/upload/iblock/46d/0pOv2PtER1uVgpl2qmJKgQ_min.jpg;3
Toyota Camry Элеганс;https://prostoprokat.ru/upload/iblock/7df/Df6vut_XTJCQA5B30kIcrA_min.jpg;4
Toyota Camry Элеганс;https://prostoprokat.ru/upload/iblock/8e1/OL3i1_riSEaBP6DQL_o7Mg_min.jpg;5
Toyota Camry Элеганс;https://prostoprokat.ru/upload/iblock/bdd/fullsizeoutput_1bbe_min.jpg;6
Mazda 6 GJ Рестайлинг II;https://prostoprokat.ru/upload/iblock/089/089f37975f92dc4c2fab9ac74d386e9d.jpg;1
Mazda 6 GJ Рестайлинг II;https://prostoprokat.ru/upload/iblock/2b3/2b30570dea376180e1f1ac79a4e4cf82.jpg;2
Mazda 6 GJ Рестайлинг II;https://prostoprokat.ru/upload/iblock/6d1/6d1472d43786fbfae07b57e919e1ec60.jpg;3
Mazda 6 GJ Рестайлинг II;https://prostoprokat.ru/upload/iblock/9cd/9cdc426079554785d82dcb33a2212b9d.jpg;4
Mazda 6 GJ Рестайлинг II;https://prostoprokat.ru/upload/iblock/2e3/2e34ecf42464ae1433190d97b687b78b.jpg;5
Mazda 6 GJ Рестайлинг II;https://prostoprokat.ru/upload/iblock/55c/55c3e557c80c4ebaaf24fef18be7e8e5.jpg;6
Mazda 6 GJ Рестайлинг II;https://prostoprokat.ru/upload/iblock/8d1/8d1392cadc88d12adb7a716db94ee5e5.jpg;7
Mazda 6 GJ Рестайлинг II;https://prostoprokat.ru/upload/iblock/a3b/a3b4b9eb5ba64b1241ff1d1624f7e419.jpg;8
Mazda 6 GJ Рестайлинг II;https://prostoprokat.ru/upload/iblock/b1b/b1b502f6b5e92381a746279ddda93bb0.jpg;9
Toyota Camry NEW;https://prostoprokat.ru/upload/iblock/1e4/1e4f0476e8a3184ad72206a02900dd5f.jpg;1
Toyota Camry NEW;https://prostoprokat.ru/upload/iblock/b19/b19f6029a0f37ebc46d0163f455da4d8.jpg;2
Toyota Camry NEW;https://prostoprokat.ru/upload/iblock/dd3/dd3a5f36cf3d4e75af6608ff7d7f1e87.jpg;3
Toyota Camry NEW;https://prostoprokat.ru/upload/iblock/5ea/5ea771a41ea69d4368a57596af1009a7.jpg;4
Toyota Camry NEW;https://prostoprokat.ru/upload/iblock/82f/82ffa6947ad689b2a0e0604de08b0618.jpg;5
Toyota Camry NEW;https://prostoprokat.ru/upload/iblock/65d/65d2d66c17ec43b4ccdf2a26a3f709d6.jpg;6
Toyota Camry NEW;https://prostoprokat.ru/upload/iblock/fa2/fa2439e4f7eab745dfb6adc448623726.jpg;7
Toyota Camry NEW;https://prostoprokat.ru/upload/iblock/c6c/c6c605b0bb260d9500ff69b1f3695cb3.jpg;8
Toyota Camry NEW;https://prostoprokat.ru/upload/iblock/fd3/fd3417ad4c0a4b45c97ed15eeeb679ca.jpg;9
KIA Optima;https://prostoprokat.ru/upload/iblock/4bf/Optima_1.jpg;1
KIA Optima;https://prostoprokat.ru/upload/iblock/582/Optima_2.jpg;2
KIA Optima;https://prostoprokat.ru/upload/iblock/c1d/Optima_3.jpg;3
KIA Optima;https://prostoprokat.ru/upload/iblock/4c0/Optima_4.jpg;4
KIA Optima;https://prostoprokat.ru/upload/iblock/f87/Optima_5.jpg;5
Toyota Camry Рестайлинг;https://prostoprokat.ru/upload/iblock/1d0/199fb7f1da55a4cf56b9440188e687da.jpg;1
Toyota Camry Рестайлинг;https://prostoprokat.ru/upload/iblock/a78/950f9584e8eaed2a6d78c0c1fe90646f.jpg;2
Toyota Camry Рестайлинг;https://prostoprokat.ru/upload/iblock/6c4/34331c7af06d9f7aa53ee938dc2f4b8c.jpg;3
Toyota Camry Рестайлинг;https://prostoprokat.ru/upload/iblock/7f6/4967bdf2203a1242f290284012cd61dd.jpg;4
Toyota Camry Рестайлинг;https://prostoprokat.ru/upload/iblock/240/090b253e17db1d6b652056d30470aa43.jpg;5
Toyota Camry Рестайлинг;https://prostoprokat.ru/upload/iblock/358/a9207a943ae54e2dfa2d74525aeacbc2.jpg;6
Toyota Camry Рестайлинг;https://prostoprokat.ru/upload/iblock/250/2a4079cc0ac03e53d6dc2c6ddcc63af1.jpg;7
KIA Rio X-Line;https://prostoprokat.ru/upload/iblock/106/kia_xline_1.jpg;1
KIA Rio X-Line;https://prostoprokat.ru/upload/iblock/174/kia_xline_2.jpg;2
KIA Rio X-Line;https://prostoprokat.ru/upload/iblock/12c/kia_xline_3.jpg;3
Hyundai Solaris 2;https://prostoprokat.ru/upload/iblock/4c6/img_4100.jpg;1
Hyundai Solaris 2;https://prostoprokat.ru/upload/iblock/0b5/img_4102.jpg;2
